ID,타임스탬프,화자,발화 내용(요약·인용),코드,테마,분석 메모
1,00:08:31,이동환(전문가),"공공데이터를 봤을 때 현장 중심으로 만들어진 데이터가 아님을 느낌. 지자체 백서·자료 기반이라 현장과 괴리.",C8.1 정보공유·현장 괴리,T8 정보·데이터 문제,"데이터의 출처가 현장이 아닌 행정 문서라는 근본 한계 지적."
2,00:09:56,이동환(전문가),"재난을 사회재난(산불·참사)과 자연재난(수해)으로 구분. 사회재난은 대피소 1곳, 수해는 수십 곳.",C1.1 재난유형별 대응구조,T1 대피소의 본질·유형,"대피소를 단일 개념으로 보면 안 됨. 유형별로 구조·주체가 다름."
3,00:10:56,이동환(전문가),"수해는 집이 남아 있어 낮엔 집 청소하고 집 근처 머물고 싶어함. 마을회관이 실질 대피소.",C1.1 재난유형별 대응구조,T1 대피소의 본질·유형,"지정 대피소(학교 강당)와 실제 이용처(마을회관)의 불일치."
4,00:11:53,이동환(전문가),"산불은 집이 없어져 돌아갈 곳 없음. 사회재난 컨트롤타워는 정부·행안부, 수해는 지자체. 모으는 이유는 피해조사·물품배분.",C1.1 재난유형별 대응구조,T1 대피소의 본질·유형,"대응주체·컨트롤타워가 재난유형별로 상이. 데이터 설계 시 분기 필요."
5,00:13:29,이동환(전문가),"수해 대피소는 저녁에 잠만 자는 곳. ‘대피소인가’ 싶을 정도.",C1.2 공간일 뿐인 대피소,T1 대피소의 본질·유형,"대피소의 실제 기능 수준이 매우 낮음."
6,00:13:29,이동환(전문가),"물 끊기면 목욕권 수천 장 구입해 마을 단위 배포. 초·중학교는 샤워시설 거의 없어 화장실 세면 수준.",C2.1 위생시설 부족,T2 시설·거주환경 미비,"위생시설 부재가 핵심 결손. 목욕권은 민간 보완책."
7,00:15:14,이동환(전문가),"성인용 기저귀 등 특수 요청은 후원 물품에 없으면 조달 불가. 공무원이 사다 줄 수 없음.",C4.3 특수 수요 대응 불가,T4 수요자 중심의 부재,"표준 물품 외 개별 수요는 구조적으로 충족 불가."
8,00:16:10,이동환(전문가),"공무원은 수요를 맞춰 주는 역할이 아님. 돈 쓰려면 기안 필요. ‘구조가 그렇다, 욕하는 게 아니다.’",C4.2 공무원 역할의 구조적 한계,T4 수요자 중심의 부재,"개인 비난이 아닌 제도·구조의 문제로 규정."
9,00:17:14,이동환(전문가),"수요 충족은 민간단체 몫인데, 모금 주체가 현장에 없어 괴리 발생.",C7.2 모금-현장 괴리,T7 민간단체 생태계,"모금과 현장 활동의 분리가 구조적 공백 야기."
10,00:18:13,이동환(전문가),"지자체가 아는 민간단체는 적십자(밥차)·희망브리지(배분·세탁차)·사랑의열매 정도. 사실상 준정부기관.",C7.1 메이저 vs 소규모 단체,T7 민간단체 생태계,"메이저 단체는 정형 역할에 한정. 비정형 수요 공백."
11,00:19:06,이동환(전문가),"국내 재난 적어 현장 민간단체 유지 어려움. 모금은 메이저로 쏠림.",C7.1 메이저 vs 소규모 단체,T7 민간단체 생태계,"현장형 소규모 단체의 지속가능성 위기."
12,00:19:52,이동환(전문가),"‘매뉴얼은 너무 잘 만들어져 있는데, 돌리는 건 사람이다.’ 한국은 사람을 경시.",C6.2 매뉴얼-현장 괴리,T6 사람·거버넌스 문제,"핵심 명제. 문서가 아닌 운영 인력이 병목."
13,00:20:00,이동환(전문가),"재난은 몇몇 사람을 갈아넣어 지나감. 번아웃으로 경험이 남지 않음.",C6.2 경험 전승 단절,T6 사람·거버넌스 문제,"경험·노하우의 휘발. 전승 메커니즘 부재."
14,00:20:51,이동환(전문가),"2019 고성산불 때 어르신들이 대피소(초등학교)에 오지 않고 마을회관에 머묾. 기동력 없음.",C3.1 고령자·이동약자,T3 재난 취약계층 사각지대,"지정 대피소 접근성 자체가 고령자에겐 장벽."
15,00:21:37,이동환(전문가),"마을회관은 취사·냉장고·세탁기 등 대피소로 최적화. 시골 어르신 대피처.",C1.1 재난유형별 대응구조,T1 대피소의 본질·유형,"일상 생활시설이 사실상 최적 대피소(일본 모델과 유사)."
16,00:22:29,이동환(전문가),"2022 울진 국민체육관 대피소가 2층, 엘리베이터 1대. 80대 이상이 가장 많았음.",C2.2 물리적 접근성 부재,T2 시설·거주환경 미비,"층·엘리베이터 정보는 취약계층에 결정적. 데이터화 필요."
17,00:23:16,이동환(전문가),"‘대피소라고 하는 게 공간입니다. 그 공간이 대피소라고 그냥 배정돼 있는 거죠.’",C1.2 공간일 뿐인 대피소,T1 대피소의 본질·유형,"인터뷰 핵심 인용. 대피소=기능이 아닌 ‘배정된 공간’."
18,00:24:08,이동환(전문가),"2025 의성 체육관은 절반 이상이 요양원 어르신. 와병 어르신 약 40명 바닥에 누워 있었음.",C3.2 요양원·와병환자,T3 재난 취약계층 사각지대,"‘전쟁 수준’. 최고도 취약계층이 일반 대피소에 방치."
19,00:25:06,이동환(전문가),"거동 불가 어르신들이 4박5일 체류. 한 분이라도 사망 시 2차 피해 우려.",C3.2 요양원·와병환자,T3 재난 취약계층 사각지대,"‘하루면 옮긴다’던 예측이 4박5일로. 판단 지연의 위험."
20,00:26:55,이동환(전문가),"이송·이전 결정을 내릴 사람이 없음. 시청 과장급도 머뭇거림·두려움이 큼.",C6.3 의사결정 경직성,T6 사람·거버넌스 문제,"책임 회피 구조가 취약계층 안전을 위협."
21,00:27:52,이동환(전문가),"결국 정치인·당선인이 와서 ‘옮겨라’ 해야 해결되는 구조.",C6.3 의사결정 경직성,T6 사람·거버넌스 문제,"정상 의사결정 라인이 아닌 정무적 개입에 의존."
22,00:28:40,이동환(전문가),"2022 관악 수해 때 학생들이 주민센터로 갔으나 ‘대피소 아니다’며 돌려보냄. 초등학교 강당은 불 꺼져 있었음.",C8.1 정보·안내 부재,T8 정보·데이터 문제,"지정 대피소가 실제로 ‘열려 있지 않은’ 정보 공백."
23,00:30:18,이동환(전문가),"인원당 화장실 기준은 있으나 실제 임시화장실·샤워시설은 준비 안 됨.",C2.1 위생시설 부족,T2 시설·거주환경 미비,"규정과 현장 집행 사이의 간극."
24,00:31:04,이동환(전문가),"체육센터·수영장은 샤워 가능하나 회원 민원으로 5~6일 만에 분산해야 함.",C1.3 대피소의 동적 특성,T1 대피소의 본질·유형,"민원·사유재산권으로 대피소가 유동적. 고정 데이터의 한계."
25,00:32:00,이동환(전문가),"울진 때 약 200명을 호텔·모텔·펜션으로 분산해 메인 대피소를 ‘폭파(해체)’.",C5.2 분산의 부작용,T5 대피소의 커뮤니티 기능,"분산은 행정 편의·민원 대응의 결과."
26,00:32:00,이동환(전문가),"‘대피소의 가장 큰 기능은 커뮤니티 기능.’ 모여 있으면 심리적 응급처치가 됨.",C5.1 심리적 응급처치·공동체,T5 대피소의 커뮤니티 기능,"핵심 인용. 대피소의 본질 가치는 물리시설이 아닌 공동체."
27,00:33:03,이동환(전문가),"모여 있으면 정보·위안 얻음. 어르신은 집 왕래 어려워 취약성이 그대로 드러남.",C5.1 심리적 응급처치·공동체,T5 대피소의 커뮤니티 기능,"커뮤니티가 정보·정서 인프라 역할."
28,00:34:56,이동환(전문가),"분산 명분은 ‘편하게 지내시라’는 언론 보도용. 실제론 단절 초래.",C5.2 분산의 부작용,T5 대피소의 커뮤니티 기능,"보여주기식 분산이 공동체 회복을 저해."
29,00:35:49,이동환(전문가),"모텔 분산 시 물품 못 받고 정보 사각지대화. 식비 자부담(인당 5만 원+끼니 1.1만 원)은 비현실적.",C5.2 분산의 부작용,T5 대피소의 커뮤니티 기능,"물품 배분이 공무원 중심이라 분산자는 배제됨."
30,00:37:41,이동환(전문가),"최적 대피소는 수련원(공동식당·강당). 2019 고성 때 기업·정부 수련원 개방.",C10.3 우수 모델,T10 현장 지원 실무,"수련원이 커뮤니티+생활기능 모두 충족."
31,00:38:30,이동환(전문가),"영덕은 수련원 1곳에 3개 마을, 나머진 모텔·펜션. 지원 차등→마을 간 갈등·공동체 붕괴.",C5.2 분산의 부작용,T5 대피소의 커뮤니티 기능,"배치 차등이 재난 후 공동체 회복을 방해."
32,00:39:28,이동환(전문가),"현장에 필요한 데이터는 ‘불탄 집 수·대피소 인원’. 그러나 행안부 데이터를 현장에서 검색한 적 없음.",C8.3 데이터화 가능 항목,T8 정보·데이터 문제,"전문가도 공공데이터를 현장에서 활용 안 함→실효성 의문."
33,00:39:28,이동환(전문가),"물리적 환경을 못 바꾸니 그 외 지원. 울진은 멀어 택시 교통권(3만 원) 제공.",C10.1 피스윈즈 지원활동,T10 현장 지원 실무,"이동약자 대상 교통권은 일본에서 도입한 방식."
34,00:40:28,이동환(전문가),"통신사(KT)는 빨리 들어와 와이파이·충전기 설치. 텐트별 연장선 빼주는 건 민간 몫.",C10.1 피스윈즈 지원활동,T10 현장 지원 실무,"생활 컨디션 개선(전기·과일·두유 등) 즉시 지원."
34a,00:41:17,이동환(전문가),"‘일본은 무조건 게시판이 잘 돼 있다.’ 인원·체류자·지원 내역(누가 와서 무엇을 줬는지)이 보드에 다 적혀 있음.",C8.1 정보공유·게시판 부재,T8 정보·데이터 문제,"핵심 비교. 정보 공개·공유 보드가 한국엔 부재."
35,00:42:52,이동환(전문가),"한국은 정보 얻으려면 말단·교대 공무원에게 물어야 하고 수요조사 자체를 안 함.",C4.1 수요조사 미실시,T4 수요자 중심의 부재,"정보 접근이 사람 의존적·비표준적."
36,00:43:37,이동환(전문가),"‘수요를 조사한다는 건 충족시켜야 한다는 것’이라 안 함. 지역 협동조합·공동체가 해야 할 역할.",C4.1 수요조사 미실시,T4 수요자 중심의 부재,"수요조사 회피의 동기를 구조적으로 설명."
37,00:44:20,이동환(전문가),"반려동물·임산부 등 정보 얻을 곳 없어 이장에게 전화. 서울은 주민센터가 정보 많음.",C8.1 정보공유·게시판 부재,T8 정보·데이터 문제,"취약계층 현황 데이터의 부재."
38,00:45:16,이동환(전문가),"개인정보 때문에 정보 공유 ‘난리’. 이장조차 마을 사람 정보 안 줌. 재난대응 한정 사전 동의 필요.",C8.2 개인정보 장벽,T8 정보·데이터 문제,"데이터 흐름의 핵심 보틀넥. 제도 개선 포인트."
39,00:46:04,이동환(전문가),"‘과장이 책임지면 된다.’ 그러나 책임질 사람이 거의 없음.",C6.3 의사결정 경직성,T6 사람·거버넌스 문제,"개인정보 등 판단을 내려줄 리더십 부재."
40,00:46:52,이동환(전문가),"이장과 라포 형성 위해 위로·보조배터리·식사 지원. ‘신천지냐’는 의심부터 받음.",C10.2 라포 형성,T10 현장 지원 실무,"신뢰 구축이 현장 활동의 전제."
41,00:48:43,이동환(전문가),"기초의원(군·시의원)이 재난대응 중심이 돼야 함. 공무원에게 정보 요청할 권한 있음.",C6.5 기초의원 역할론,T6 사람·거버넌스 문제,"정보 매개자로서 기초의원의 잠재력. 데이터화 대상 가능."
42,00:50:31,이동환(전문가),"‘지방의원 매뉴얼이 나와야 한다.’ 지자체장보다 더 많이 교육해야 한다고 결론.",C6.5 기초의원 역할론,T6 사람·거버넌스 문제,"제도화 제안. 교육·매뉴얼 대상의 재설정."
43,00:51:14,이동환(전문가),"기초의원과 협업 시 효능감으로 적극 움직임. 세탁기·냉장고 등 이틀 내 조달 가능.",C6.5 기초의원 역할론,T6 사람·거버넌스 문제,"지역 사정에 밝은 매개자 활용이 효율적."
44,00:52:11,이동환(전문가),"자원봉사자는 현장에서 판단하는 사람이 아님. 연결·지시해 줘야 작동.",C6.1 판단가능 경험자 부재,T6 사람·거버넌스 문제,"인력은 많아도 ‘판단 인력’이 없음."
45,00:53:13,이동환(전문가),"헌옷을 그냥 나눠주면 수치심. 분류·배려해 전달하자는 의견을 낼 사람이 없음.",C6.1 판단가능 경험자 부재,T6 사람·거버넌스 문제,"수요자 존엄 고려가 운영 역량에 달림."
46,00:54:01,이동환(전문가),"‘이 문제로서 바라봐 줘야 한다.’ 다음 재난을 위해 문제를 포착하는 시각을 가진 사람이 현장에 없음.",C6.1 판단가능 경험자 부재,T6 사람·거버넌스 문제,"핵심 인용. 연구자·전문가의 현장 참여 필요성으로 연결."
47,00:55:25,이동환(전문가),"휠체어 접근·장애인화장실·엘리베이터·냉방·반려동물 동반·가족단위 가능 여부가 데이터에 안 적혀 있음.",C8.3 데이터화 가능 항목,T8 정보·데이터 문제,"가장 구체적인 데이터화 요구사항 목록."
48,00:55:25,이동환(전문가),"2025 청송에서 10인용 대형(가족) 텐트 2~3동 발견. 가족·영유아 단위 대응의 단초.",C3.3 아동·영유아·가족단위,T3 재난 취약계층 사각지대,"가족 단위 수용은 아직 예외적·비표준."
49,00:56:06,이동환(전문가),"고령자는 대피소 오는 순간 이동약자. 행정 버스는 하루 2회뿐이라 비현실적→민간 보완.",C3.1 고령자·이동약자,T3 재난 취약계층 사각지대,"이동권 보장이 별도 과제."
50,00:56:51,이동환(전문가),"휴게소 수유실은 잘 돼 있는데 대피소엔 영유아 대비 전무. 안 오면 물품·피해조사 사각지대.",C3.3 아동·영유아·가족단위,T3 재난 취약계층 사각지대,"‘안 오니 사각화’되는 악순환."
51,00:57:45,이동환(전문가),"반려동물 5가구 이하는 대개 동반 입소. 짖으면 밖으로. 일본식 ‘애견호텔’(주간 돌봄) 역할 필요.",C3.5 반려동물 동반,T3 재난 취약계층 사각지대,"반려동물 때문에 피해조사·외출 제약. 돌봄 인프라 필요."
52,00:58:31,이동환(전문가),"바닥생활 어려운 분 많음. 침대(라꾸라꾸) 필요하나 재난물품 수량 부족 시 즉시 지원 안 됨.",C2.3 거주환경(침대 등),T2 시설·거주환경 미비,"비축 물품 수량이 데이터화 대상일 수 있음."
53,00:59:23,이동환(전문가),"천막·텐트 수량은 군청 또는 희망브리지·적십자 창고에 정보가 있을 것. 재난구호기금은 지자체별 수십억 비축되나 잘 안 씀.",C8.3 데이터화 가능 항목,T8 정보·데이터 문제,"비축 자원·기금 데이터의 소재 추정. 기금 미집행은 보수적 행정의 일면."
54,01:00:16,이동환(전문가),"일본은 대피시설에 취사 가능. 경로당·복지센터가 평상시부터 대피소 역할(휠체어·와병자 포함).",C9.1 일본 대피소 운영,T9 해외(일본) 비교,"평상시 이용시설=재난시 대피소. 연속성 모델."
55,01:01:26,이동환(전문가),"의성은 장애인시설 인원을 별도 체육관으로 분리 수용(밥차도 별도).",C3.2 요양원·와병환자,T3 재난 취약계층 사각지대,"분리 수용은 일부 이뤄지나 비표준적."
56,01:02:22,이근희(진행),"대피소 데이터 입력 주체는 공무원이며, 일반인 입력은 가능하지 않은 것으로 안다(전문가 질문에 답).",C8.4 데이터 거버넌스,T8 정보·데이터 문제,"데이터 입력·관리 권한 구조 확인."
57,01:04:05,이동환(전문가),"‘대피소는 지금 주소밖에 없다.’ 지진(운동장)·민방위(지하주차장·지하철)·수해(초등 강당)로 구분되며 위치만 존재.",C1.2 공간일 뿐인 대피소,T1 대피소의 본질·유형,"핵심 인용. 현 데이터는 위치 정보에 머묾."
58,01:04:56,이동환(전문가),"행안부 앱에 ‘가까운 대피소 찾기’는 있으나 실제 가면 ‘아무것도 없다’.",C8.3 데이터화 가능 항목,T8 정보·데이터 문제,"위치 데이터와 실제 기능의 괴리."
59,01:07:07,이근희(진행),"서울 기반 활동이라 민방위 대피소(지하주차장·지하철·학교)를 가도 기능·역할 확인이 어려웠음. 데이터화 대상이 무엇인지 의문. 외국인 대상 경험도 질문.",C11.1 정적 데이터 vs 동적 현실,T11 안심이 팀 성찰,"진행자의 현장 답사 한계 인식. 핵심 질문 제기."
60,01:07:41,이동환(전문가),"강당이면 샤워·화장실 수/면적, 인원당 확보 면적 등 실내 기준 데이터화 가능.",C8.3 데이터화 가능 항목,T8 정보·데이터 문제,"실내 시설은 정량 기준 존재→데이터화 가능."
61,01:08:30,이동환(전문가),"야외 대피 시 통신 두절로 가족을 못 만남. 사전에 약속 장소가 정해져 있어야 함(동일본대지진).",C9.3 통신두절·가족상봉,T9 해외(일본) 비교,"야외 대피소의 본질 기능=상봉 거점."
62,01:10:07,이동환(전문가),"이동 시 포스트잇·테이프로 ‘몇 시까지 어디 있다’ 정보를 남겨 가족이 추적.",C9.3 통신두절·가족상봉,T9 해외(일본) 비교,"아날로그 메시지 보드가 생존 정보 인프라."
63,01:10:54,이동환(전문가),"야외 대피소는 시설물(테니스장·농구대·벤치 등), 지하주차장은 관리실·화장실·전기차 충전 등 정보가 유용.",C8.3 데이터화 가능 항목,T8 정보·데이터 문제,"공간 유형별 데이터 항목 차등 설계 시사."
64,01:11:46,이동환(전문가),"2025 산불 때 외국인이 대피소 입소를 거부당함. 한국인들이 ‘같이 못 지내겠다’고 함.",C3.4 외국인,T3 재난 취약계층 사각지대,"충격적 사례. 사회적 배제가 물리적 배제로."
65,01:12:37,이동환(전문가),"외국인 거주지는 피해지로 안 잡혀 고용주 부담. 세탁차도 기름때 이유로 거부, 코인세탁 지원으로 보완.",C3.4 외국인,T3 재난 취약계층 사각지대,"제도·서비스 양면에서 외국인 배제."
66,01:14:08,클루,"대피소는 고정이 아니라 동적(모텔 분산 등)이며, ‘공간을 사람이 채우는 방식’이 더 중요해 보임. 공간보다 사람·인프라(책임자·지원단체·기초의원) 정보 제공이 가능한지 질문.",C8.4 담당주체·연락처 데이터화 제안,T8 정보·데이터 문제,"팀의 핵심 통찰. 데이터 초점을 공간→주체로 전환 제안."
67,01:15:05,이동환(전문가),"‘행정센터 전화번호만 들어가도 큰 정보.’ 담당이 사회복지과·주민복지과·시설물관리과 등 제각각이라 시민이 헤맴.",C8.4 담당주체·연락처 데이터화 제안,T8 정보·데이터 문제,"가장 실현 가능하고 임팩트 큰 데이터화 항목."
68,01:15:05,이동환(전문가),"산불 TF는 컨테이너(임시거주시설) 공급 조사팀이라 이재민 현황은 잘 모름.",C6.4 부서 분절·소관 혼선,T6 사람·거버넌스 문제,"조직명이 기능을 보장하지 않음."
69,01:16:01,이동환(전문가),"주민복지과는 업무 과다. ‘그건 우리 과인데 그 뒤는 우리 아니에요’ 식 분절이 잦음.",C6.4 부서 분절·소관 혼선,T6 사람·거버넌스 문제,"소관 분절이 시민·활동가의 정보 접근을 가로막음."
70,01:16:46,이동환(전문가),"운동장 대피소의 담당 부서를 물으면 행정이 싫어함(시설관리공단↔주민센터 핑퐁). 그래서 특정 출처에 적어두면 큰 정보.",C8.4 담당주체·연락처 데이터화 제안,T8 정보·데이터 문제,"‘어디에도 정리돼 있지 않은’ 정보를 모으는 것이 시민데이터의 가치."
71,01:17:31,이동환(전문가),"담당 부서·담당자(유선번호)까지도 데이터화 가능(보직 변경에도 유선번호는 유지).",C8.4 담당주체·연락처 데이터화 제안,T8 정보·데이터 문제,"구체적 데이터 항목 제안. 단 행정은 거부 가능성."
72,01:18:12,이동환(전문가),"지역 사회적기업·협동조합·자활기업의 느슨한 네트워크를 ‘유사시 역할’로 사전 조직(평상시엔 월 1회 비상연락망).",C7.3 지역 네트워크·청년단체,T7 민간단체 생태계,"새 조직 신설이 아닌 기존 지역자원 활용 모델."
73,01:20:02,이동환(전문가),"주민자치예산·고향사랑기부제로 예산 마련. ‘한국은 따라하기를 잘한다’—성공 사례 1개가 확산 동력.",C7.3 지역 네트워크·청년단체,T7 민간단체 생태계,"연구·결과집이 확산 레버가 될 수 있음(안심이 산출물 연결)."
74,01:20:56,이동환(전문가),"‘한국은 시스템만 만들고 사람을 무시’해 현장이 안 돌아감. 일본은 사람이 한 일을 인정.",C6.2 매뉴얼-현장 괴리,T6 사람·거버넌스 문제,"핵심 명제 재강조. 인건비·인력 경시 비판."
75,01:21:54,이동환(전문가),"지역민이 대피소 운영에 참여하면 수요를 받을 수 있음. 단톡방으로 1시간 내 조달 가능한 구조면 바뀜.",C7.3 지역 네트워크·청년단체,T7 민간단체 생태계,"민·관 협업 운영이 수요자 중심 전환의 열쇠."
76,01:22:42,이동환(전문가),"결론: 자원봉사자가 아니라 ‘판단 내릴 수 있는 경험자’가 현장에 많아져야 하고, 민간이 사례를 만들어야 함.",C6.1 판단가능 경험자 부재,T6 사람·거버넌스 문제,"인터뷰 전체 결론 1. ‘사람’과 ‘사례’."
77,01:23:39,이동환(전문가),"자율방재단 등은 법제상 ‘범죄·안전’ 소관이라 재난은 사각지대. 말단은 봉사자 의존 구조.",C6.4 부서 분절·소관 혼선,T6 사람·거버넌스 문제,"재난 대응의 제도적 사각지대 지적."
78,01:24:34,이동환(전문가),"‘없으면 없다고 적어 달라.’ 예: ‘장애인 대피 못 함’, ‘화장실 부족’.",C8.5 결손정보 기록,T8 정보·데이터 문제,"핵심 제안. 부재·결손 자체를 데이터로 명시."
79,01:24:34,이동환(전문가),"대피소 첫날 밤 조명 문제(끄면 어둡고 켜면 못 잠)가 흔함.",C2.3 거주환경(조명 등),T2 시설·거주환경 미비,"세부 거주환경 결손. 운영 매뉴얼 보완 지점."
80,01:25:33,이동환(전문가),"고성 태풍 때 경로당 대피: 평소 안 쓰던 취약계층이 2주 체류, 기존 이용자와 갈등(‘칼부림 날 것 같아’)→민간 비용으로 모텔 분리.",C5.2 분산의 부작용,T5 대피소의 커뮤니티 기능,"지정 대피소의 사회적 부적합 사례."
81,01:28:07,이동환(전문가),"대피소를 나갔다는 이유로 식사 지원(인당 식비)이 끊김. 공무원은 매뉴얼을 보수적으로 적용할 수밖에 없는 구조.",C6.3 의사결정 경직성,T6 사람·거버넌스 문제,"매뉴얼의 경직 적용이 수요자에게 불이익."
82,01:31:25,이동환(전문가),"피스윈즈는 현장·수요자 중심. 수해 때 제습기 40대 지원(잘 안 말라서)—아름다운재단이 인정.",C10.1 피스윈즈 지원활동,T10 현장 지원 실무,"수요 기반 즉응 지원의 예시."
83,01:32:23,이동환(전문가),"‘결론은 사람.’ 1년 안에 재난 분야 전문 인력 수요가 올 것. 한 분야씩 전문가로 자리매김 권유.",C6.1 판단가능 경험자 부재,T6 사람·거버넌스 문제,"인터뷰 전체 결론 2. 안심이 팀에 전문가화 권유."
84,01:34:23,이동환(전문가),"강릉산불 때 경포대초 등 아동이 많아 ‘아동쉼터’ 운영(누구나협동조합 등 청년단체). 부모 피해조사 동안 아동 돌봄.",C10.3 우수 모델,T10 현장 지원 실무,"반려동물 돌봄과 동일 원리의 아동 돌봄 모델."
85,01:36:05,이동환(전문가),"월드비전·초록우산·세이브더칠드런 등은 재난이 본업 아님. 사회재난 시 모금함 열고 키트 제작. 큰 단체가 이슈를 흡수.",C7.2 대형단체 이슈 흡수,T7 민간단체 생태계,"소규모 현장단체의 역할 잠식. 사각지대 심화."
86,01:36:47,이동환(전문가),"모금 규모는 큼(울진 800억, 작년 2천억). ‘돈이 적은 게 아니라 어떻게 쓰느냐의 문제.’",C7.2 대형단체 이슈 흡수,T7 민간단체 생태계,"자원 총량보다 배분·집행 구조가 문제."
87,01:38:12,이동환(전문가),"국내 대피소 텐트는 포항지진(난방텐트)에서 시작. 흥해체육관은 4년 넘게 대피소 유지.",C1.3 대피소의 동적 특성,T1 대피소의 본질·유형,"대피 장기화(수년) 사례. 임시성 전제가 깨짐."
88,01:39:47,이근희(진행),"g0v summit 등에서도 공통 지적: 중간관리자 부재, 자원봉사자 흩어지면 현장 경험이 ‘증발’해 전승 안 됨.",C6.2 경험 전승 단절,T11 안심이 팀 성찰,"전문가 진단과 외부 담론의 일치 확인."
89,01:40:50,은수,"매뉴얼은 잘 돼 있다지만, 그것을 실행하는 건 사람이라 갭이 생기는 것 아닌지 의문.",C6.2 매뉴얼-현장 괴리,T11 안심이 팀 성찰,"전문가 진단을 팀이 재확인."
90,01:41:44,이근희(진행),"모든 재난이 매번 다르고 돌발·실시간이라 플랫폼·매뉴얼의 의미가 제한적일 수 있음. 데이터화 ‘범위’ 설정이 관건.",C11.2 데이터화 범위·기술 보완,T11 안심이 팀 성찰,"프로젝트 스코프 재정의. 담당주체 정보가 유력 후보."
91,01:42:50,은수,"개인정보 보틀넥은 기술적으로 풀 여지가 있고, 게시판의 디지털 버전·AI로 동적 정보를 다루는 방안도 가능할 듯.",C11.2 데이터화 범위·기술 보완,T11 안심이 팀 성찰,"개인정보·게시판 이슈를 기술 해법으로 연결."
92,01:43:54,이근희(진행),"팔찌·태그로 배식·물품 수령을 관리하는 현장 디지털 시스템을 상상했으나, 실제론 그렇지 않은 듯.",C11.1 정적 데이터 vs 동적 현실,T11 안심이 팀 성찰,"기대했던 현장 시스템과 현실의 괴리 확인."
93,01:44:48,은수,"서울 위주로 사고했으나 실제 재난은 지방이 많고 환경·특성이 매우 다양함을 간과했음.",C11.1 정적 데이터 vs 동적 현실,T11 안심이 팀 성찰,"지역 맥락 차이에 대한 자각."
94,01:45:47,달로스,"1365 등에 자원봉사 사진 기록 존재. 답사한 ‘거주 가능’ 대피소(큰 건물 지하)가 일반 대피소 검색 지도엔 안 나옴. 평소 답사 필요.",C8.3 데이터화 가능 항목,T11 안심이 팀 성찰,"공식 지도 누락 사례→시민 데이터의 보완 가치."
95,01:46:55,이근희(진행),"7월 말 활동 종료. 카드뉴스·‘우리 동네 매뉴얼’ 등 산출물 콘텐츠화 필요(예산 다수 배정).",C11.3 산출물 방향,T11 안심이 팀 성찰,"코딩 결과를 산출물로 연결하는 출구."
